{"cameraMode":{"drawMode":0,"name":"Shaded","section":"Shading Mode"},"sceneLighting":true,"audioPlay":false,"sceneViewState":{"showFog":true,"showMaterialUpdate":false,"showSkybox":true,"showFlares":true,"showImageEffects":true,"showParticleSystems":true},"in2DMode":false,"pivot":{"x":44.09741973876953,"y":23.960447311401368,"z":33.43489456176758},"rotation":{"x":-0.09498431533575058,"y":0.8652700781822205,"z":-0.17928436398506165,"w":-0.4584164321422577},"size":-20.826417922973634,"orthographic":false}