{"cameraMode":{"drawMode":0,"name":"Shaded","section":"Shading Mode"},"sceneLighting":true,"audioPlay":false,"sceneViewState":{"showFog":true,"showMaterialUpdate":false,"showSkybox":false,"showFlares":true,"showImageEffects":true,"showParticleSystems":true},"in2DMode":false,"pivot":{"x":7.697633743286133,"y":4.791994094848633,"z":1.794114112854004},"rotation":{"x":-0.23279467225074769,"y":0.08215799182653427,"z":-0.019740954041481019,"w":-0.9688480496406555},"size":11.338761329650879,"orthographic":false}